Workbook

Sheet Read me first
B1: Raw Data
B2: Calculated
A6: Average data was calculated from the obtained data of the cited resource in the main

Sheet Calculated Average
A1: Between 2013 to 2023
B2: Averaged | C2: Averaged | E2: Averaged | F2: Averaged | I2: Averaged | J2: Averaged | L2: Annual Rate
A3: Month | B3: Units of electricity (kWh) | C3: Value of electricity (£) | E3: Month | F3: MWh | H3: Month | I3: Cost (k£) | J3: GWh | L3: GBP/MWh | M3: GBP/kWh
A4: January | B4: ='2013'!B2+'2014'!B2+'2015'!B2+'2016'!B2+'2017'!B2+'2018'!B2+'2019'!B2+'2020'!B2+'2021'!B2+'2022'!B2+'2023'!B2 -> 3011413 | C4: ='2013'!C2+'2014'!C2+'2015'!C2+'2016'!C2+'2017'!C2+'2018'!C2+'2019'!C2+'2020'!C2+'2021'!C2+'2022'!C2+'2023'!C2 -> 382838.3 | E4: January | F4: =B4/1000 -> 3011.413 | H4: January | I4: =C4/1000 -> 382.8383 | J4: =F4/1000 -> 3.011413 | L4: =I16/F16 -> 0.12758636 | M4: =L4*1000 -> 127.58636
A5: February | B5: ='2013'!B3+'2014'!B3+'2015'!B3+'2016'!B3+'2017'!B3+'2018'!B3+'2019'!B3+'2020'!B3+'2021'!B3+'2022'!B3+'2023'!B3 -> 2747769 | C5: ='2013'!C3+'2014'!C3+'2015'!C3+'2016'!C3+'2017'!C3+'2018'!C3+'2019'!C3+'2020'!C3+'2021'!C3+'2022'!C3+'2023'!C3 -> 349772.98 | E5: February | F5: =B5/1000 -> 2747.769 | H5: February | I5: =C5/1000 -> 349.77298 | J5: =F5/1000 -> 2.747769
A6: March | B6: ='2013'!B4+'2014'!B4+'2015'!B4+'2016'!B4+'2017'!B4+'2018'!B4+'2019'!B4+'2020'!B4+'2021'!B4+'2022'!B4+'2023'!B4 -> 2912471 | C6: ='2013'!C4+'2014'!C4+'2015'!C4+'2016'!C4+'2017'!C4+'2018'!C4+'2019'!C4+'2020'!C4+'2021'!C4+'2022'!C4+'2023'!C4 -> 370894.85 | E6: March | F6: =B6/1000 -> 2912.471 | H6: March | I6: =C6/1000 -> 370.89485 | J6: =F6/1000 -> 2.912471 | L6: =AVERAGE(I4:I15) -> 286.98145
A7: April | B7: ='2013'!B5+'2014'!B5+'2015'!B5+'2016'!B5+'2017'!B5+'2018'!B5+'2019'!B5+'2020'!B5+'2021'!B5+'2022'!B5+'2023'!B5 -> 2721480 | C7: ='2013'!C5+'2014'!C5+'2015'!C5+'2016'!C5+'2017'!C5+'2018'!C5+'2019'!C5+'2020'!C5+'2021'!C5+'2022'!C5+'2023'!C5 -> 346032.81 | E7: April | F7: =B7/1000 -> 2721.48 | H7: April | I7: =C7/1000 -> 346.03281 | J7: =F7/1000 -> 2.72148
A8: May | B8: ='2013'!B6+'2014'!B6+'2015'!B6+'2016'!B6+'2017'!B6+'2018'!B6+'2019'!B6+'2020'!B6+'2021'!B6+'2022'!B6+'2023'!B6 -> 2027406 | C8: ='2013'!C6+'2014'!C6+'2015'!C6+'2016'!C6+'2017'!C6+'2018'!C6+'2019'!C6+'2020'!C6+'2021'!C6+'2022'!C6+'2023'!C6 -> 261802.33 | E8: May | F8: =B8/1000 -> 2027.406 | H8: May | I8: =C8/1000 -> 261.80233 | J8: =F8/1000 -> 2.027406
A9: June | B9: ='2013'!B7+'2014'!B7+'2015'!B7+'2016'!B7+'2017'!B7+'2018'!B7+'2019'!B7+'2020'!B7+'2021'!B7+'2022'!B7+'2023'!B7 -> 1745310 | C9: ='2013'!C7+'2014'!C7+'2015'!C7+'2016'!C7+'2017'!C7+'2018'!C7+'2019'!C7+'2020'!C7+'2021'!C7+'2022'!C7+'2023'!C7 -> 226146.05 | E9: June | F9: =B9/1000 -> 1745.31 | H9: June | I9: =C9/1000 -> 226.14605 | J9: =F9/1000 -> 1.74531
A10: July | B10: ='2013'!B8+'2014'!B8+'2015'!B8+'2016'!B8+'2017'!B8+'2018'!B8+'2019'!B8+'2020'!B8+'2021'!B8+'2022'!B8+'2023'!B8 -> 1925164 | C10: ='2013'!C8+'2014'!C8+'2015'!C8+'2016'!C8+'2017'!C8+'2018'!C8+'2019'!C8+'2020'!C8+'2021'!C8+'2022'!C8+'2023'!C8 -> 249111.94 | E10: July | F10: =B10/1000 -> 1925.164 | H10: July | I10: =C10/1000 -> 249.11194 | J10: =F10/1000 -> 1.925164
A11: August | B11: ='2013'!B9+'2014'!B9+'2015'!B9+'2016'!B9+'2017'!B9+'2018'!B9+'2019'!B9+'2020'!B9+'2021'!B9+'2022'!B9+'2023'!B9 -> 2061338 | C11: ='2013'!C9+'2014'!C9+'2015'!C9+'2016'!C9+'2017'!C9+'2018'!C9+'2019'!C9+'2020'!C9+'2021'!C9+'2022'!C9+'2023'!C9 -> 264603.15 | E11: August | F11: =B11/1000 -> 2061.338 | H11: August | I11: =C11/1000 -> 264.60315 | J11: =F11/1000 -> 2.061338
A12: September | B12: ='2013'!B10+'2014'!B10+'2015'!B10+'2016'!B10+'2017'!B10+'2018'!B10+'2019'!B10+'2020'!B10+'2021'!B10+'2022'!B10+'2023'!B10 -> 1970930 | C12: ='2013'!C10+'2014'!C10+'2015'!C10+'2016'!C10+'2017'!C10+'2018'!C10+'2019'!C10+'2020'!C10+'2021'!C10+'2022'!C10+'2023'!C10 -> 254423.07 | E12: September | F12: =B12/1000 -> 1970.93 | H12: September | I12: =C12/1000 -> 254.42307 | J12: =F12/1000 -> 1.97093
A13: October | B13: ='2013'!B11+'2014'!B11+'2015'!B11+'2016'!B11+'2017'!B11+'2018'!B11+'2019'!B11+'2020'!B11+'2021'!B11+'2022'!B11+'2023'!B11 -> 2159092 | C13: ='2013'!C11+'2014'!C11+'2015'!C11+'2016'!C11+'2017'!C11+'2018'!C11+'2019'!C11+'2020'!C11+'2021'!C11+'2022'!C11+'2023'!C11 -> 277544.49 | E13: October | F13: =B13/1000 -> 2159.092 | H13: October | I13: =C13/1000 -> 277.54449 | J13: =F13/1000 -> 2.159092
A14: November | B14: ='2013'!B12+'2014'!B12+'2015'!B12+'2016'!B12+'2017'!B12+'2018'!B12+'2019'!B12+'2020'!B12+'2021'!B12+'2022'!B12+'2023'!B12 -> 2061325 | C14: ='2013'!C12+'2014'!C12+'2015'!C12+'2016'!C12+'2017'!C12+'2018'!C12+'2019'!C12+'2020'!C12+'2021'!C12+'2022'!C12+'2023'!C12 -> 249393.91 | E14: November | F14: =B14/1000 -> 2061.325 | H14: November | I14: =C14/1000 -> 249.39391 | J14: =F14/1000 -> 2.061325
A15: December | B15: ='2013'!B13+'2014'!B13+'2015'!B13+'2016'!B13+'2017'!B13+'2018'!B13+'2019'!B13+'2020'!B13+'2021'!B13+'2022'!B13+'2023'!B13 -> 1648038 | C15: ='2013'!C13+'2014'!C13+'2015'!C13+'2016'!C13+'2017'!C13+'2018'!C13+'2019'!C13+'2020'!C13+'2021'!C13+'2022'!C13+'2023'!C13 -> 211213.48 | E15: December | F15: =B15/1000 -> 1648.038 | H15: December | I15: =C15/1000 -> 211.21348 | J15: =F15/1000 -> 1.648038
A16: Averaged total | B16: =SUM(B4:B15) -> 26991736 | C16: =SUM(C4:C15) -> 3443777.4 | F16: =SUM(F4:F15) -> 26991.736 | I16: =C16/1000 -> 3443.7774 | J16: =SUM(J4:J15) -> 26.991736

Sheet 2013
A1: Month | B1: Units of electricity (kWh) | C1: Value of electricity (£)
A2: January | B2: 504535 | C2: 63863.87
A3: February | B3: 374960 | C3: 47617.2
A4: March | B4: 353068 | C4: 44843
A5: April | B5: 375548 | C5: 47644
A6: May | B6: 275285 | C6: 35071
A7: June | B7: 274875 | C7: 34950
A8: July | B8: 308191 | C8: 39215
A9: August | B9: 300769 | C9: 38222
A10: September | B10: 313003 | C10: 39794.61
A11: October | B11: 279010 | C11: 35498.15
A12: November | B12: 362651 | C12: 46066.72
A13: December | B13: 360822 | C13: 45863.16
A14: Total | B14: 4082717 | C14: 518648.5

Sheet 2014
A1: Month | B1: Units of electricity (kWh) | C1: Value of electricity (£)
A2: January | B2: 422281 | C2: 53639.27
A3: February | B3: 391344 | C3: 49639.98
A4: March | B4: 230119 | C4: 29184.15
A5: April | B5: 427690 | C5: 54145.7
A6: May | B6: 237161 | C6: 30108.13
A7: June | B7: 142111 | C7: 18067.72
A8: July | B8: 218169 | C8: 27604.06
A9: August | B9: 215730 | C9: 27365.1
A10: September | B10: 182272 | C10: 23096.45
A11: October | B11: 215108 | C11: 27349.8
A12: November | B12: 95418 | C12: 12175.42
A13: December | B13: 210129 | C13: 26662.33
A14: Total | B14: 2987532 | C14: 379038.11

Sheet 2015
A1: Month | B1: Units of electricity (kWh) | C1: Value of electricity (£)
A2: January | B2: 0 | C2: 0
A3: February | B3: 465101 | C3: 58590.16
A4: March | B4: 332166 | C4: 42170.95
A5: April | B5: 220557 | C5: 27984.15
A6: May | B6: 168502 | C6: 21363.05
A7: June | B7: 249783 | C7: 31706.1
A8: July | B8: 125919 | C8: 16013.15
A9: August | B9: 172926 | C9: 21972
A10: September | B10: 315400 | C10: 39896.28
A11: October | B11: 567989 | C11: 72712.92
A12: November | B12: 374869 | C12: 47475.49
A13: December | B13: 177483 | C13: 22548.98
A14: Total | B14: 3170695 | C14: 402433.23

Sheet 2016
A1: Month | B1: Units of electricity (kWh) | C1: Value of electricity (£)
A2: January | B2: 512949 | C2: 64822.23
A3: February | B3: 158662 | C3: 20344.54
A4: March | B4: 354246 | C4: 44912.95
A5: April | B5: 285445 | C5: 36170.34
A6: May | B6: 259456 | C6: 32922.42
A7: June | B7: 218997 | C7: 27852.89
A8: July | B8: 293603 | C8: 37250.32
A9: August | B9: 394920 | C9: 49871.59
A10: September | B10: 263672 | C10: 33459.98
A11: October | B11: 263277 | C11: 33390.63
A12: November | B12: 294415 | C12: 37268
A13: December | B13: 356662 | C13: 45079.64
A14: Total | B14: 3656304 | C14: 463345.53

Sheet 2017
A1: Month | B1: Units of electricity (kWh) | C1: Value of electricity (£)
A2: January | B2: 323919 | C2: 41144.98
A3: February | B3: 345674 | C3: 43719.78
A4: March | B4: 281359 | C4: 35593.34
A5: April | B5: 274930 | C5: 34733.14
A6: May | B6: 257600 | C6: 32564
A7: June | B7: 228205 | C7: 28850.26
A8: July | B8: 229221 | C8: 28966.32
A9: August | B9: 231789 | C9: 29297.59
A10: September | B10: 275019 | C10: 34732.35
A11: October | B11: 250520 | C11: 31646.29
A12: November | B12: 236518 | C12: 29883.08
A13: December
A14: Total | B14: 2698236 | C14: 341248.05

Sheet 2018
A1: Month | B1: Units of electricity (kWh) | C1: Value of electricity (£)
A2: January | B2: 326767 | C2: 41253.2
A3: February | B3: 357002 | C3: 45090.7
A4: March | B4: 281732 | C4: 35621.92
A5: April | B5: 316018 | C5: 39906.09
A6: May | B6: 188937 | C6: 23947.83
A7: June | B7: 197437 | C7: 24992.06
A8: July | B8: 171401 | C8: 21683
A9: August | B9: 241214 | C9: 30534.64
A10: September | B10: 181624 | C10: 23005.38
A11: October | B11: 202559 | C11: 25630.71
A12: November | B12: 198542 | C12: 25156.79
A13: December | B13: 296049 | C13: 37366.57
A14: Total | B14: 2959282 | C14: 374188.89

Sheet 2019
A1: Month | B1: Units of electricity (kWh) | C1: Value of electricity (£)
A2: January | B2: 194264 | C2: 24642.25
A3: February | B3: 205957 | C3: 26095.22
A4: March | B4: 198912 | C4: 25202.64
A5: April | B5: 160786 | C5: 20387.55
A6: May | B6: 198933 | C6: 25195.42
A7: June | B7: 174260 | C7: 21954.53
A8: July | B8: 175715 | C8: 22124.55
A9: August | B9: 214796 | C9: 27019.89
A10: September | B10: 154627 | C10: 19425.16
A11: October | B11: 185034 | C11: 23344.91
A12: November | B12: 187236 | C12: 23602.89
A13: December | B13: 182253 | C13: 22982.79
A14: Total | B14: 2232773 | C14: 281977.8

Sheet 2020
A1: Month | B1: Units of electricity (kWh) | C1: Value of electricity (£)
A2: January | B2: 257373 | C2: 32508.69
A3: February | B3: 219702 | C3: 27776.12
A4: March | B4: 136081 | C4: 17236.37
A5: April | B5: 233918 | C5: 29509.45
A6: May | B6: 145623 | C6: 18435.35
A7: June | B7: 90988 | C7: 11583.97
A8: July | B8: 214926 | C8: 27120.22
A9: August | B9: 180401 | C9: 22829.77
A10: September | B10: 179903 | C10: 22756.37
A11: October | B11: 115001 | C11: 14532.81
A12: November | B12: 107245 | C12: 13536.93
A13: December
A14: Total | B14: 1881161 | C14: 237826.1

Sheet 2021
A1: Month | B1: Units of electricity (kWh) | C1: Value of electricity (£)
A2: January | B2: 243607 | C2: 30660.22
A3: February | B3: 62863 | C3: 7980.68
A4: March | B4: 571755 | C4: 73055.2
A5: April | B5: 267539 | C5: 33818.41
A6: May | B6: 143142 | C6: 18147.84
A7: June
A8: July
A9: August
A10: September
A11: October
A12: November
A13: December
A14: Total | B14: 1288906 | C14: 163662.35

Sheet 2022
A1: Month | B1: Units of electricity (kWh) | C1: Value of electricity (£)
A2: January | B2: 182094 | C2: 23040.17
A3: February | B3: 119956 | C3: 15185.04
A4: March | B4: 143942 | C4: 18203.73
A5: April | B5: 118830 | C5: 15038.38
A6: May | B6: 113258 | C6: 17472.15
A7: June | B7: 139782 | C7: 21353.81
A8: July | B8: 162120 | C8: 24788.2
A9: August | B9: 50894 | C9: 7779.88
A10: September | B10: 78754 | C10: 13776.67
A11: October | B11: 52253 | C11: 8679.12
A12: November | B12: 172078 | C12: 8823
A13: December | B13: 39534 | C13: 6592.66
A14: Total | B14: 1373495 | C14: 180732.81

Sheet 2023
A1: Month | B1: Units of electricity (kWh) | C1: Value of electricity (£)
A2: January | B2: 43624 | C2: 7263.42
A3: February | B3: 46548 | C3: 7733.56
A4: March | B4: 29091 | C4: 4870.6
A5: April | B5: 40219 | C5: 6695.6
A6: May | B6: 39509 | C6: 6575.14
A7: June | B7: 28872 | C7: 4834.71
A8: July | B8: 25899 | C8: 4347.12
A9: August | B9: 57899 | C9: 9710.69
A10: September | B10: 26656 | C10: 4479.82
A11: October | B11: 28341 | C11: 4759.15
A12: November | B12: 32353 | C12: 5405.59
A13: December | B13: 25106 | C13: 4117.35
A14: Total | B14: 424117 | C14: 70792.75
